,reciprocate_reward_model,relevance_filter,rlhf_reward_model,rewards,avg_time_elapsed_in_seconds
0,0.6196332573890686,1.0,0.6139614582061768,0.6162301898002625,49.587122440338135
1,0.6319352984428406,1.0,0.6342161893844604,0.6333038806915283,34.0406014919281
