,reciprocate_reward_model,relevance_filter,rlhf_reward_model,rewards,avg_time_elapsed_in_seconds
0,0.3700445890426636,1.0,0.5140706300735474,0.45646023750305176,36.78676152229309
1,0.6123819351196289,1.0,0.5789145827293396,0.5923015475273132,23.133257150650024
