,reciprocate_reward_model,relevance_filter,rlhf_reward_model,rewards,avg_time_elapsed_in_seconds
0,0.6378698348999023,1.0,0.5631416440010071,0.593032956123352,31.800902843475342
1,0.637651264667511,1.0,0.626504123210907,0.6309630274772644,91.1701488494873
2,0.6375163197517395,0.0,0.5279022455215454,0.0,27.023252725601196
3,0.6378752589225769,0.0,0.606601893901825,0.0,40.1239550113678
4,0.43853214383125305,1.0,0.3615233898162842,0.39232689142227173,54.50765824317932
