,reciprocate_reward_model,relevance_filter,rlhf_reward_model,rewards,avg_time_elapsed_in_seconds
0,0.6378346085548401,1.0,0.5725378394126892,0.5986565351486206,39.60622572898865
1,0.36238518357276917,1.0,0.558634877204895,0.4801350235939026,29.773317575454712
2,0.6378452777862549,1.0,0.4554360508918762,0.5283997654914856,38.9751033782959
3,0.6378843784332275,1.0,0.6348001956939697,0.6360338926315308,28.62475347518921
4,0.6378797888755798,1.0,0.6363229751586914,0.6369457244873047,32.79831051826477
